imei,approach,mae_recon,rmse_recon,energy_error_pct,residuo_medio_w,n_devices_found,temporal_consistency
86684007269887,fhmm_1,71.4868231494141,120.68647701319722,25.15713141121423,-70.97047596325898,7,0.22419917825779997
