imei,approach,mae_recon,rmse_recon,energy_error_pct,residuo_medio_w,n_devices_found,temporal_consistency
86684007269887,event,244.9748437772415,361.8129083022813,83.98358765587324,236.92507272043238,3,0.1099004207891749
86684007269887,hmm,2173.486245056387,2415.211574569196,770.1362455827666,-2172.621950100478,3,0.5359677262564402
86684007269887,fhmm,70.4977243322108,234.97202850684582,17.6927024543786,49.91266666054928,5,0.8545623889359006
86684007269887,fhmm_1,26.85823874324411,56.842612805874396,9.518073200297327,-26.85131997907854,6,0.2869134799308983
86684007269887,fhmm_1_dc,7.34164380293451,16.29695964462118,2.598753428826973,-7.331311537085126,6,0.3341626822974809
86684007269887,fhmm_1_survey,28.673161801815027,72.36566813844249,8.874731623874077,-25.03639692050762,6,0.21882971290407427
86684007269887,template,1215.2008139182778,1592.79553508139,372.6591173721839,-1051.3040815202928,3,0.9978731631863882
86684007269887,event_prior,249.25842134723203,368.5514841591695,80.05541418619755,225.84335055377642,2,0.09266049248920254
